task,context_rows,best_baseline,accuracy_difference,ci_low,ci_high,significant,log_loss_difference,log_loss_ci_low,log_loss_ci_high
product_or_service_code,250,knn_cv,0.038,0.030,0.046,yes,-0.496,-0.534,-0.457
product_or_service_code,1000,logreg_tfidf,0.051,0.044,0.058,yes,-0.405,-0.432,-0.378
product_or_service_code,full,logreg_tfidf,0.041,0.032,0.051,yes,-0.434,-0.462,-0.404
awarding_office,250,logreg_tfidf,0.062,0.053,0.071,yes,-0.248,-0.269,-0.228
awarding_office,1000,logreg_tfidf,0.063,0.055,0.073,yes,-0.287,-0.309,-0.265
awarding_office,full,logreg_tfidf,0.050,0.039,0.060,yes,-0.218,-0.243,-0.192
recipient,250,knn_pg,0.004,-0.003,0.011,no,-0.368,-0.409,-0.326
recipient,1000,knn_pg,0.015,0.007,0.023,yes,-0.673,-0.723,-0.624
recipient,full,logreg_tfidf,0.018,0.009,0.027,yes,-0.255,-0.279,-0.230
