id,section,family,task,context,metric,effect,ci_low,ci_high,verdict,comparator,baseline_name,plot,interval_ok
5.1-lead_time-10000-mae-lightgbm,5.1,lead_time,lead_time,10000,mae,-0.228,-0.868,0.382,equal,lightgbm,lightgbm,1,1
5.1-lead_time-10000-pinball_p10-lightgbm,5.1,lead_time,lead_time,10000,pinball_p10,0.035,-0.019,0.083,equal,lightgbm,lightgbm,0,1
5.1-lead_time-10000-pinball_p50-lightgbm,5.1,lead_time,lead_time,10000,pinball_p50,-0.114,-0.434,0.191,equal,lightgbm,lightgbm,0,1
5.1-lead_time-10000-pinball_p90-lightgbm,5.1,lead_time,lead_time,10000,pinball_p90,-0.203,-0.444,0.042,equal,lightgbm,lightgbm,0,1
5.1-lead_time_bucket_0-10000-mae-lightgbm,5.1,lead_time,lead_time_bucket_0,10000,mae,-0.276,-1.510,0.809,equal,lightgbm,lightgbm,0,1
5.1-lead_time_bucket_1_4-10000-mae-lightgbm,5.1,lead_time,lead_time_bucket_1_4,10000,mae,-0.180,-0.684,0.332,equal,lightgbm,lightgbm,0,1
5.1-lead_time_bucket_0-10000-pinball_p10-lightgbm,5.1,lead_time,lead_time_bucket_0,10000,pinball_p10,0.091,0.026,0.162,tabpfn_better,lightgbm,lightgbm,0,1
5.1-lead_time_bucket_1_4-10000-pinball_p90-lightgbm,5.1,lead_time,lead_time_bucket_1_4,10000,pinball_p90,-0.228,-0.451,-0.022,lightgbm_better,lightgbm,lightgbm,0,1
5.2-lead_time-50-mae-lgbm_default,5.2,lead_time,lead_time,50,mae,0.03,-0.23,0.29,equal,best_baseline,lgbm_default,1,1
5.2-lead_time-100-mae-lgbm_default,5.2,lead_time,lead_time,100,mae,0.07,-0.21,0.38,equal,best_baseline,lgbm_default,1,1
5.2-lead_time-250-mae-lgbm_default,5.2,lead_time,lead_time,250,mae,0.42,0.19,0.66,tabpfn_better,best_baseline,lgbm_default,1,1
5.2-lead_time-500-mae-lgbm_default,5.2,lead_time,lead_time,500,mae,0.66,0.42,0.89,tabpfn_better,best_baseline,lgbm_default,1,1
5.2-lead_time-1000-mae-lgbm_default,5.2,lead_time,lead_time,1000,mae,0.73,0.48,0.97,tabpfn_better,best_baseline,lgbm_default,1,1
5.2-lead_time-2500-mae-lgbm_small,5.2,lead_time,lead_time,2500,mae,0.49,0.27,0.70,tabpfn_better,best_baseline,lgbm_small,1,1
5.2-lead_time_without_largest_supplier-50-mae-lgbm_default,5.2,lead_time,lead_time_without_largest_supplier,50,mae,-0.55,-1.03,-0.09,lightgbm_better,best_baseline,lgbm_default,1,1
5.2-lead_time_without_largest_supplier-100-mae-lgbm_default,5.2,lead_time,lead_time_without_largest_supplier,100,mae,-0.53,-1.09,0.03,equal,best_baseline,lgbm_default,1,1
5.2-lead_time_without_largest_supplier-250-mae-lgbm_default,5.2,lead_time,lead_time_without_largest_supplier,250,mae,0.34,-0.24,0.92,equal,best_baseline,lgbm_default,1,1
5.2-lead_time_without_largest_supplier-500-mae-lgbm_default,5.2,lead_time,lead_time_without_largest_supplier,500,mae,0.73,0.20,1.25,tabpfn_better,best_baseline,lgbm_default,1,1
5.2-lead_time_without_largest_supplier-1000-mae-lgbm_small,5.2,lead_time,lead_time_without_largest_supplier,1000,mae,0.65,0.08,1.18,tabpfn_better,best_baseline,lgbm_small,1,1
5.2-lead_time_without_largest_supplier-2500-mae-lgbm_small,5.2,lead_time,lead_time_without_largest_supplier,2500,mae,0.24,-0.19,0.71,equal,best_baseline,lgbm_small,1,1
5.2-lead_time_no_material_supplier-250-mae-lgbm_default,5.2,lead_time,lead_time_no_material_supplier,250,mae,0.38,0.16,0.61,tabpfn_better,lightgbm,lgbm_default,1,1
5.2-lead_time_no_material_supplier-1000-mae-lgbm_default,5.2,lead_time,lead_time_no_material_supplier,1000,mae,0.80,0.58,1.03,tabpfn_better,lightgbm,lgbm_default,1,1
5.2-lead_time_no_material_supplier-2500-mae-lgbm_default,5.2,lead_time,lead_time_no_material_supplier,2500,mae,0.55,0.33,0.76,tabpfn_better,lightgbm,lgbm_default,1,1
5.3-lot_sizing-full-accuracy-lgbm_default,5.3,material_master,lot_sizing,full,accuracy,-0.0120,-0.0240,-0.0040,lightgbm_better,best_baseline,lgbm_default,1,1
5.3-mrp_controller-full-accuracy-nearest_neighbour,5.3,material_master,mrp_controller,full,accuracy,-0.0840,-0.1140,-0.0520,baseline_better,best_baseline,nearest_neighbour,1,1
5.3-purchasing_group-full-accuracy-nearest_neighbour,5.3,material_master,purchasing_group,full,accuracy,0.0120,0.0000,0.0260,equal,best_baseline,nearest_neighbour,1,1
5.3-valuation_class-full-accuracy-lgbm_default,5.3,material_master,valuation_class,full,accuracy,0.0100,0.0000,0.0220,equal,best_baseline,lgbm_default,1,1
5.3-profit_center-full-accuracy-nearest_neighbour,5.3,material_master,profit_center,full,accuracy,-0.0140,-0.0380,0.0080,equal,best_baseline,nearest_neighbour,1,1
5.4-lot_sizing-50-accuracy-lgbm_default,5.4,material_master,lot_sizing,50,accuracy,0.016,0.007,0.026,tabpfn_better,best_baseline,lgbm_default,1,1
5.4-lot_sizing-50-log_loss-lgbm_default,5.4,material_master,lot_sizing,50,log_loss,-0.011,-0.025,0.003,equal,best_baseline,lgbm_default,0,1
5.4-lot_sizing-100-accuracy-majority,5.4,material_master,lot_sizing,100,accuracy,-0.001,-0.010,0.008,equal,best_baseline,majority,1,1
5.4-lot_sizing-100-log_loss-majority,5.4,material_master,lot_sizing,100,log_loss,0.010,-0.007,0.025,equal,best_baseline,majority,0,1
5.4-lot_sizing-250-accuracy-majority,5.4,material_master,lot_sizing,250,accuracy,0.003,-0.005,0.011,equal,best_baseline,majority,1,1
5.4-lot_sizing-250-log_loss-majority,5.4,material_master,lot_sizing,250,log_loss,0.017,-0.011,0.046,equal,best_baseline,majority,0,1
5.4-lot_sizing-500-accuracy-lgbm_default,5.4,material_master,lot_sizing,500,accuracy,-0.021,-0.032,-0.010,lightgbm_better,best_baseline,lgbm_default,1,1
5.4-lot_sizing-500-log_loss-lgbm_default,5.4,material_master,lot_sizing,500,log_loss,0.010,-0.015,0.040,equal,best_baseline,lgbm_default,0,1
5.4-lot_sizing-1000-accuracy-lgbm_default,5.4,material_master,lot_sizing,1000,accuracy,-0.006,-0.013,-0.002,lightgbm_better,best_baseline,lgbm_default,1,1
5.4-lot_sizing-1000-log_loss-lgbm_default,5.4,material_master,lot_sizing,1000,log_loss,-0.004,-0.023,0.019,equal,best_baseline,lgbm_default,0,1
5.4-lot_sizing-2500-accuracy-majority,5.4,material_master,lot_sizing,2500,accuracy,-0.004,-0.015,0.006,equal,best_baseline,majority,1,1
5.4-lot_sizing-2500-log_loss-majority,5.4,material_master,lot_sizing,2500,log_loss,0.024,-0.001,0.049,equal,best_baseline,majority,0,1
5.4-purchasing_group-50-accuracy-lgbm_small,5.4,material_master,purchasing_group,50,accuracy,0.012,0.005,0.019,tabpfn_better,best_baseline,lgbm_small,1,1
5.4-purchasing_group-50-log_loss-lgbm_small,5.4,material_master,purchasing_group,50,log_loss,0.029,0.004,0.055,tabpfn_better,best_baseline,lgbm_small,0,1
5.4-purchasing_group-100-accuracy-lgbm_small,5.4,material_master,purchasing_group,100,accuracy,0.006,-0.004,0.016,equal,best_baseline,lgbm_small,1,1
5.4-purchasing_group-100-log_loss-lgbm_small,5.4,material_master,purchasing_group,100,log_loss,0.090,0.053,0.129,tabpfn_better,best_baseline,lgbm_small,0,1
5.4-purchasing_group-250-accuracy-lgbm_small,5.4,material_master,purchasing_group,250,accuracy,0.009,-0.001,0.018,equal,best_baseline,lgbm_small,1,1
5.4-purchasing_group-250-log_loss-lgbm_small,5.4,material_master,purchasing_group,250,log_loss,0.098,0.062,0.137,tabpfn_better,best_baseline,lgbm_small,0,1
5.4-purchasing_group-500-accuracy-lgbm_small,5.4,material_master,purchasing_group,500,accuracy,0.017,0.005,0.029,tabpfn_better,best_baseline,lgbm_small,1,1
5.4-purchasing_group-500-log_loss-lgbm_small,5.4,material_master,purchasing_group,500,log_loss,0.175,0.134,0.222,tabpfn_better,best_baseline,lgbm_small,0,1
5.4-purchasing_group-1000-accuracy-lgbm_small,5.4,material_master,purchasing_group,1000,accuracy,0.008,-0.004,0.020,equal,best_baseline,lgbm_small,1,1
5.4-purchasing_group-1000-log_loss-lgbm_small,5.4,material_master,purchasing_group,1000,log_loss,0.106,0.061,0.161,tabpfn_better,best_baseline,lgbm_small,0,1
5.4-purchasing_group-2500-accuracy-lgbm_small,5.4,material_master,purchasing_group,2500,accuracy,0.007,-0.003,0.018,equal,best_baseline,lgbm_small,1,1
5.4-purchasing_group-2500-log_loss-lgbm_small,5.4,material_master,purchasing_group,2500,log_loss,0.163,0.105,0.227,tabpfn_better,best_baseline,lgbm_small,0,1
5.4-valuation_class-50-accuracy-lgbm_small,5.4,material_master,valuation_class,50,accuracy,0.004,-0.003,0.010,equal,best_baseline,lgbm_small,1,1
5.4-valuation_class-50-log_loss-lgbm_small,5.4,material_master,valuation_class,50,log_loss,0.022,-0.009,0.062,equal,best_baseline,lgbm_small,0,1
5.4-valuation_class-100-accuracy-lgbm_small,5.4,material_master,valuation_class,100,accuracy,-0.003,-0.009,0.004,equal,best_baseline,lgbm_small,1,1
5.4-valuation_class-100-log_loss-lgbm_small,5.4,material_master,valuation_class,100,log_loss,-0.010,-0.020,-0.001,lightgbm_better,best_baseline,lgbm_small,0,1
5.4-valuation_class-250-accuracy-lgbm_small,5.4,material_master,valuation_class,250,accuracy,0.001,-0.004,0.007,equal,best_baseline,lgbm_small,1,1
5.4-valuation_class-250-log_loss-lgbm_small,5.4,material_master,valuation_class,250,log_loss,0.003,-0.015,0.023,equal,best_baseline,lgbm_small,0,1
5.4-valuation_class-500-accuracy-lgbm_small,5.4,material_master,valuation_class,500,accuracy,0.003,-0.005,0.011,equal,best_baseline,lgbm_small,1,1
5.4-valuation_class-500-log_loss-lgbm_small,5.4,material_master,valuation_class,500,log_loss,-0.016,-0.032,0.001,equal,best_baseline,lgbm_small,0,1
5.4-valuation_class-1000-accuracy-lgbm_default,5.4,material_master,valuation_class,1000,accuracy,0.009,0.000,0.018,equal,best_baseline,lgbm_default,1,1
5.4-valuation_class-1000-log_loss-lgbm_default,5.4,material_master,valuation_class,1000,log_loss,-0.023,-0.046,0.002,equal,best_baseline,lgbm_default,0,1
5.4-valuation_class-2500-accuracy-lgbm_default,5.4,material_master,valuation_class,2500,accuracy,0.006,0.000,0.013,tabpfn_better,best_baseline,lgbm_default,1,1
5.4-valuation_class-2500-log_loss-lgbm_default,5.4,material_master,valuation_class,2500,log_loss,-0.031,-0.079,0.028,equal,best_baseline,lgbm_default,0,1
5.4-profit_center-50-accuracy-lgbm_small,5.4,material_master,profit_center,50,accuracy,0.056,0.039,0.072,tabpfn_better,best_baseline,lgbm_small,1,1
5.4-profit_center-50-log_loss-lgbm_small,5.4,material_master,profit_center,50,log_loss,0.139,0.080,0.202,tabpfn_better,best_baseline,lgbm_small,0,1
5.4-profit_center-100-accuracy-lgbm_small,5.4,material_master,profit_center,100,accuracy,0.041,0.024,0.058,tabpfn_better,best_baseline,lgbm_small,1,1
5.4-profit_center-100-log_loss-lgbm_small,5.4,material_master,profit_center,100,log_loss,0.156,0.105,0.207,tabpfn_better,best_baseline,lgbm_small,0,1
5.4-profit_center-250-accuracy-lgbm_small,5.4,material_master,profit_center,250,accuracy,0.064,0.044,0.086,tabpfn_better,best_baseline,lgbm_small,1,1
5.4-profit_center-250-log_loss-lgbm_small,5.4,material_master,profit_center,250,log_loss,0.212,0.155,0.268,tabpfn_better,best_baseline,lgbm_small,0,1
5.4-profit_center-500-accuracy-lgbm_small,5.4,material_master,profit_center,500,accuracy,0.032,0.016,0.049,tabpfn_better,best_baseline,lgbm_small,1,1
5.4-profit_center-500-log_loss-lgbm_small,5.4,material_master,profit_center,500,log_loss,0.201,0.143,0.260,tabpfn_better,best_baseline,lgbm_small,0,1
5.4-profit_center-1000-accuracy-lgbm_small,5.4,material_master,profit_center,1000,accuracy,0.006,-0.004,0.017,equal,best_baseline,lgbm_small,1,1
5.4-profit_center-1000-log_loss-lgbm_small,5.4,material_master,profit_center,1000,log_loss,0.127,0.075,0.179,tabpfn_better,best_baseline,lgbm_small,0,1
5.4-profit_center-2500-accuracy-lgbm_default,5.4,material_master,profit_center,2500,accuracy,0.005,-0.008,0.019,equal,best_baseline,lgbm_default,1,1
5.4-profit_center-2500-log_loss-lgbm_default,5.4,material_master,profit_center,2500,log_loss,0.012,-0.042,0.067,equal,best_baseline,lgbm_default,0,1
5.4-mrp_controller-50-accuracy-lgbm_small,5.4,material_master,mrp_controller,50,accuracy,-0.004,-0.013,0.005,equal,best_baseline,lgbm_small,1,1
5.4-mrp_controller-50-log_loss-lgbm_small,5.4,material_master,mrp_controller,50,log_loss,0.101,0.066,0.145,tabpfn_better,best_baseline,lgbm_small,0,1
5.4-mrp_controller-100-accuracy-majority,5.4,material_master,mrp_controller,100,accuracy,-0.010,-0.023,0.003,equal,best_baseline,majority,1,1
5.4-mrp_controller-100-log_loss-majority,5.4,material_master,mrp_controller,100,log_loss,0.171,0.118,0.224,tabpfn_better,best_baseline,majority,0,1
5.4-mrp_controller-250-accuracy-lgbm_small,5.4,material_master,mrp_controller,250,accuracy,0.009,-0.004,0.022,equal,best_baseline,lgbm_small,1,1
5.4-mrp_controller-250-log_loss-lgbm_small,5.4,material_master,mrp_controller,250,log_loss,0.123,0.077,0.171,tabpfn_better,best_baseline,lgbm_small,0,1
5.4-mrp_controller-500-accuracy-lgbm_small,5.4,material_master,mrp_controller,500,accuracy,0.039,0.019,0.060,tabpfn_better,best_baseline,lgbm_small,1,1
5.4-mrp_controller-500-log_loss-lgbm_small,5.4,material_master,mrp_controller,500,log_loss,0.170,0.111,0.235,tabpfn_better,best_baseline,lgbm_small,0,1
5.5-lot_sizing-full-accuracy-logreg_tfidf,5.5,material_text,lot_sizing,full,accuracy,-0.005,-0.024,0.013,equal,best_baseline,logreg_tfidf,1,1
5.5-lot_sizing-250-accuracy-logreg_tfidf,5.5,material_text,lot_sizing,250,accuracy,-0.007,-0.015,0.000,equal,best_baseline,logreg_tfidf,1,1
5.5-lot_sizing-1000-accuracy-logreg_tfidf,5.5,material_text,lot_sizing,1000,accuracy,-0.004,-0.013,0.004,equal,best_baseline,logreg_tfidf,1,1
5.5-purchasing_group-full-accuracy-logreg_tfidf,5.5,material_text,purchasing_group,full,accuracy,0.032,0.011,0.056,tabpfn_better,best_baseline,logreg_tfidf,1,1
5.5-purchasing_group-250-accuracy-knn_1,5.5,material_text,purchasing_group,250,accuracy,0.000,-0.016,0.017,equal,best_baseline,knn_1,1,1
5.5-purchasing_group-1000-accuracy-knn_cv,5.5,material_text,purchasing_group,1000,accuracy,0.038,0.020,0.059,tabpfn_better,best_baseline,knn_cv,1,1
5.5-valuation_class-full-accuracy-knn_text,5.5,material_text,valuation_class,full,accuracy,-0.019,-0.037,-0.003,baseline_better,best_baseline,knn_text,1,1
5.5-valuation_class-250-accuracy-knn_text,5.5,material_text,valuation_class,250,accuracy,0.005,-0.003,0.014,equal,best_baseline,knn_text,1,1
5.5-valuation_class-1000-accuracy-knn_pg,5.5,material_text,valuation_class,1000,accuracy,0.000,-0.009,0.009,equal,best_baseline,knn_pg,1,1
5.5-profit_center-full-accuracy-knn_text,5.5,material_text,profit_center,full,accuracy,0.035,0.003,0.066,tabpfn_better,best_baseline,knn_text,1,1
5.5-profit_center-250-accuracy-knn_pg,5.5,material_text,profit_center,250,accuracy,0.045,0.022,0.069,tabpfn_better,best_baseline,knn_pg,1,1
5.5-profit_center-1000-accuracy-knn_cv,5.5,material_text,profit_center,1000,accuracy,0.032,0.002,0.062,tabpfn_better,best_baseline,knn_cv,1,1
5.5-mrp_controller-250-accuracy-knn_cv,5.5,material_text,mrp_controller,250,accuracy,-0.013,-0.031,0.004,equal,best_baseline,knn_cv,1,1
5.5-lot_sizing-full-accuracy-lgbm_tfidf,5.5,material_text,lot_sizing,full,accuracy,0.083,0.048,0.118,baseline_unreliable,lightgbm,lgbm_tfidf,1,1
5.5-purchasing_group-full-accuracy-lgbm_tfidf,5.5,material_text,purchasing_group,full,accuracy,0.206,0.164,0.249,baseline_unreliable,lightgbm,lgbm_tfidf,1,1
5.5-valuation_class-full-accuracy-lgbm_tfidf,5.5,material_text,valuation_class,full,accuracy,0.300,0.255,0.349,baseline_unreliable,lightgbm,lgbm_tfidf,1,1
5.5-profit_center-full-accuracy-lgbm_tfidf,5.5,material_text,profit_center,full,accuracy,0.421,0.370,0.475,baseline_unreliable,lightgbm,lgbm_tfidf,1,1
5.6-material_group-250-accuracy-logreg_tfidf,5.6,free_text,material_group,250,accuracy,0.023,0.013,0.034,tabpfn_better,best_baseline,logreg_tfidf,1,1
5.6-material_group-1000-accuracy-logreg_tfidf,5.6,free_text,material_group,1000,accuracy,-0.010,-0.024,0.003,equal,best_baseline,logreg_tfidf,1,1
5.6-material_group-full-accuracy-logreg_tfidf,5.6,free_text,material_group,full,accuracy,-0.014,-0.025,0.000,baseline_better,best_baseline,logreg_tfidf,1,1
5.6-purchasing_group-250-accuracy-logreg_tfidf,5.6,free_text,purchasing_group,250,accuracy,0.035,0.025,0.046,tabpfn_better,best_baseline,logreg_tfidf,1,1
5.6-purchasing_group-1000-accuracy-logreg_tfidf,5.6,free_text,purchasing_group,1000,accuracy,0.045,0.034,0.057,tabpfn_better,best_baseline,logreg_tfidf,1,1
5.6-purchasing_group-full-accuracy-logreg_tfidf,5.6,free_text,purchasing_group,full,accuracy,0.025,0.012,0.038,tabpfn_better,best_baseline,logreg_tfidf,1,1
5.6-supplier-250-accuracy-logreg_tfidf,5.6,free_text,supplier,250,accuracy,0.067,0.050,0.084,tabpfn_better,best_baseline,logreg_tfidf,1,1
5.6-supplier-1000-accuracy-logreg_tfidf,5.6,free_text,supplier,1000,accuracy,0.091,0.076,0.107,tabpfn_better,best_baseline,logreg_tfidf,1,1
5.6-supplier-full-accuracy-knn_cv,5.6,free_text,supplier,full,accuracy,0.072,0.054,0.091,tabpfn_better,best_baseline,knn_cv,1,1
5.6-account_assignment-250-accuracy-logreg_tfidf,5.6,free_text,account_assignment,250,accuracy,0.020,0.011,0.031,tabpfn_better,best_baseline,logreg_tfidf,1,1
5.6-account_assignment-1000-accuracy-logreg_tfidf,5.6,free_text,account_assignment,1000,accuracy,0.017,0.007,0.027,tabpfn_better,best_baseline,logreg_tfidf,1,1
5.6-account_assignment-full-accuracy-logreg_tfidf,5.6,free_text,account_assignment,full,accuracy,0.005,-0.005,0.015,equal,best_baseline,logreg_tfidf,1,1
5.7-decision_fields-50-aurc-lgbm_default,5.7,calibration,decision_fields,50,aurc,0.0228,0.0189,0.0270,tabpfn_better,lightgbm,lgbm_default,1,1
5.7-decision_fields-50-ece-lgbm_default,5.7,calibration,decision_fields,50,ece,0.0206,0.0106,0.0292,tabpfn_better,lightgbm,lgbm_default,1,1
5.7-decision_fields-250-aurc-lgbm_default,5.7,calibration,decision_fields,250,aurc,0.0343,0.0267,0.0425,baseline_unreliable,lightgbm,lgbm_default,1,1
5.7-decision_fields-250-ece-lgbm_default,5.7,calibration,decision_fields,250,ece,0.0259,0.0129,0.0389,baseline_unreliable,lightgbm,lgbm_default,1,1
5.7-decision_fields-1000-aurc-lgbm_default,5.7,calibration,decision_fields,1000,aurc,0.0015,-0.0012,0.0044,equal,lightgbm,lgbm_default,1,1
5.7-decision_fields-1000-ece-lgbm_default,5.7,calibration,decision_fields,1000,ece,0.0271,0.0125,0.0373,tabpfn_better,lightgbm,lgbm_default,1,1
5.7-decision_fields-2500-aurc-lgbm_default,5.7,calibration,decision_fields,2500,aurc,0.0013,-0.0016,0.0043,equal,lightgbm,lgbm_default,1,1
5.7-decision_fields-2500-ece-lgbm_default,5.7,calibration,decision_fields,2500,ece,0.0340,0.0130,0.0447,tabpfn_better,lightgbm,lgbm_default,1,1
5.7-decision_fields_no_text-full-aurc-lgbm_full,5.7,calibration,decision_fields_no_text,full,aurc,0.1639,0.1125,0.1679,baseline_unreliable,lightgbm,lgbm_full,1,1
5.7-decision_fields_no_text-full-ece-lgbm_full,5.7,calibration,decision_fields_no_text,full,ece,0.0738,0.0523,0.0901,baseline_unreliable,lightgbm,lgbm_full,1,1
5.7-decision_fields_text-full-aurc-lgbm_full,5.7,calibration,decision_fields_text,full,aurc,0.4552,0.3403,0.4058,baseline_unreliable,lightgbm,lgbm_full,1,0
5.7-decision_fields_text-full-ece-lgbm_full,5.7,calibration,decision_fields_text,full,ece,0.3156,0.2880,0.3348,baseline_unreliable,lightgbm,lgbm_full,1,1
5.7-decision_fields_text-1000-aurc-lgbm_tfidf,5.7,calibration,decision_fields_text,1000,aurc,0.0111,0.0074,0.0148,tabpfn_better,lightgbm,lgbm_tfidf,1,1
5.7-decision_fields_text-1000-ece-lgbm_tfidf,5.7,calibration,decision_fields_text,1000,ece,0.0928,0.0764,0.1037,tabpfn_better,lightgbm,lgbm_tfidf,1,1
5.7-rollout-held_out-aurc-lgbm_same,5.7,calibration,rollout,held_out,aurc,-0.0044,-0.0056,-0.0028,lightgbm_better,lightgbm,lgbm_same,1,1
5.7-rollout-held_out-ece-lgbm_same,5.7,calibration,rollout,held_out,ece,-0.0032,-0.0100,0.0031,equal,lightgbm,lgbm_same,1,1
5.8-lot_sizing-0.1-degradation-lgbm_default,5.8,label_noise,lot_sizing,0.1,degradation,0.005,-0.001,0.013,equal,lightgbm,lgbm_default,1,1
5.8-lot_sizing-0.2-degradation-lgbm_default,5.8,label_noise,lot_sizing,0.2,degradation,0.001,-0.005,0.007,equal,lightgbm,lgbm_default,1,1
5.8-lot_sizing-0.3-degradation-lgbm_default,5.8,label_noise,lot_sizing,0.3,degradation,0.011,0.001,0.021,tabpfn_better,lightgbm,lgbm_default,1,1
5.8-purchasing_group-0.1-degradation-lgbm_default,5.8,label_noise,purchasing_group,0.1,degradation,0.005,-0.004,0.014,equal,lightgbm,lgbm_default,1,1
5.8-purchasing_group-0.2-degradation-lgbm_default,5.8,label_noise,purchasing_group,0.2,degradation,0.005,-0.012,0.023,equal,lightgbm,lgbm_default,1,1
5.8-purchasing_group-0.3-degradation-lgbm_default,5.8,label_noise,purchasing_group,0.3,degradation,0.021,0.005,0.038,tabpfn_better,lightgbm,lgbm_default,1,1
5.8-valuation_class-0.1-degradation-lgbm_default,5.8,label_noise,valuation_class,0.1,degradation,-0.003,-0.013,0.008,equal,lightgbm,lgbm_default,1,1
5.8-valuation_class-0.2-degradation-lgbm_default,5.8,label_noise,valuation_class,0.2,degradation,-0.016,-0.026,-0.008,lightgbm_better,lightgbm,lgbm_default,1,1
5.8-valuation_class-0.3-degradation-lgbm_default,5.8,label_noise,valuation_class,0.3,degradation,0.005,-0.008,0.019,equal,lightgbm,lgbm_default,1,1
5.8-profit_center-0.1-degradation-lgbm_default,5.8,label_noise,profit_center,0.1,degradation,-0.007,-0.016,0.001,equal,lightgbm,lgbm_default,1,1
5.8-profit_center-0.2-degradation-lgbm_default,5.8,label_noise,profit_center,0.2,degradation,-0.014,-0.027,-0.002,lightgbm_better,lightgbm,lgbm_default,1,1
5.8-profit_center-0.3-degradation-lgbm_default,5.8,label_noise,profit_center,0.3,degradation,0.023,0.008,0.039,tabpfn_better,lightgbm,lgbm_default,1,1
5.9-lot_sizing-full-ap-lgbm_default,5.9,error_detection,lot_sizing,full,ap,-0.023,-0.068,0.014,equal,lightgbm,lgbm_default,1,1
5.9-purchasing_group-full-ap-lgbm_default,5.9,error_detection,purchasing_group,full,ap,-0.005,-0.029,0.055,equal,lightgbm,lgbm_default,1,1
5.9-valuation_class-full-ap-lgbm_default,5.9,error_detection,valuation_class,full,ap,-0.009,-0.050,0.038,equal,lightgbm,lgbm_default,1,1
5.9-profit_center-full-ap-lgbm_default,5.9,error_detection,profit_center,full,ap,0.354,0.192,0.407,baseline_unreliable,lightgbm,lgbm_default,1,1
5.10-lot_sizing-held_out-accuracy-lgbm_same,5.10,rollout,lot_sizing,held_out,accuracy,0.001,0.000,0.003,equal,lightgbm,lgbm_same,1,1
5.10-lot_sizing-held_out-accuracy-lookup,5.10,rollout,lot_sizing,held_out,accuracy,-0.001,-0.004,0.002,equal,best_baseline,lookup,1,1
5.10-purchasing_group-held_out-accuracy-lgbm_same,5.10,rollout,purchasing_group,held_out,accuracy,0.007,0.004,0.010,tabpfn_better,lightgbm,lgbm_same,1,1
5.10-purchasing_group-held_out-accuracy-lookup,5.10,rollout,purchasing_group,held_out,accuracy,-0.008,-0.017,0.000,equal,best_baseline,lookup,1,1
5.10-valuation_class-held_out-accuracy-lgbm_same,5.10,rollout,valuation_class,held_out,accuracy,-0.002,-0.003,0.000,lightgbm_better,best_baseline,lgbm_same,1,1
5.10-profit_center-held_out-accuracy-lgbm_same,5.10,rollout,profit_center,held_out,accuracy,0.003,0.000,0.005,tabpfn_better,lightgbm,lgbm_same,1,1
5.10-profit_center-held_out-accuracy-lookup,5.10,rollout,profit_center,held_out,accuracy,-0.082,-0.097,-0.068,baseline_better,best_baseline,lookup,1,1
