group,stage,verdict,count,arm,n,effect,ci_low,ci_high,baseline_mae,relative,n_clusters
registered,before,equal,59.0,,,,,,,,
registered,before,tabpfn_better,58.0,,,,,,,,
registered,before,baseline_unreliable,11.0,,,,,,,,
registered,before,lightgbm_better,8.0,,,,,,,,
registered,before,baseline_better,3.0,,,,,,,,
registered,after_holm,equal,77.0,,,,,,,,
registered,after_holm,tabpfn_better,47.0,,,,,,,,
registered,after_holm,baseline_unreliable,11.0,,,,,,,,
registered,after_holm,lightgbm_better,3.0,,,,,,,,
registered,after_holm,baseline_better,1.0,,,,,,,,
exploratory,before,equal,9.0,,,,,,,,
exploratory,before,lightgbm_better,2.0,,,,,,,,
exploratory,before,tabpfn_better,1.0,,,,,,,,
exploratory,before,baseline_better,1.0,,,,,,,,
lead_time_clustered,,,,all_suppliers,50.0,0.027645308566141377,-0.23152344482085635,0.28536113820740383,9.428633102342566,0.0029320590021975545,741.0
lead_time_clustered,,,,all_suppliers,100.0,0.0697849536946261,-0.23657836353301462,0.35227527267232905,9.015223588741499,0.007740790121032139,741.0
lead_time_clustered,,,,all_suppliers,250.0,0.4199713701690175,0.18155456195203346,0.6479430107163994,9.09180356925933,0.046192305736674724,741.0
lead_time_clustered,,,,all_suppliers,500.0,0.6561012225218353,0.4202885496905865,0.8886552100001064,9.202385742463523,0.07129686158387377,741.0
lead_time_clustered,,,,all_suppliers,1000.0,0.725947557765499,0.49587184964250985,0.9848430698207294,9.149288460287101,0.07934470105697368,741.0
lead_time_clustered,,,,all_suppliers,2500.0,0.5714469683043032,0.36414592432811294,0.803386239253109,8.746314007939372,0.0653357480403263,741.0
lead_time_clustered,,,,without_dominant,50.0,-0.47148304706361616,-0.9458027736835591,0.005667672297293982,11.13538650201842,-0.04234096831557255,112.0
lead_time_clustered,,,,without_dominant,100.0,-0.4014614724477928,-0.981760057418359,0.24512861609659856,10.551497637717407,-0.03804781901412058,112.0
lead_time_clustered,,,,without_dominant,250.0,0.3592995306017418,-0.2084753758042388,0.902832655407862,10.659807746015197,0.03370600475754861,112.0
lead_time_clustered,,,,without_dominant,500.0,0.7365299447982894,0.23856347743710535,1.2440508444797609,10.656388772026723,0.06911627949720624,112.0
lead_time_clustered,,,,without_dominant,1000.0,0.8005744650866803,0.2023124722036685,1.3855888600993604,10.550692402113345,0.07587885558357498,112.0
lead_time_clustered,,,,without_dominant,2500.0,0.6532309504491729,0.10233653152223116,1.267968812511637,10.207923774433645,0.06399253804042197,112.0
