metric,cells_full,cells_selected,cells_done,cache_misses,seconds_per_cell,rule,family,field,n,baseline,effect,ci_low,ci_high,n_rows,n_clusters,note
selection,308.0,308.0,308.0,0.0,5.0,"all plants with enough context, seed 1",,,,,,,,,,
,,,,,,,lead_time,lead_time,250.0,lightgbm_tuned,0.12091592899357233,-0.21590934385049512,0.44887788771240766,749.0,741.0,positive means tabpfn better
,,,,,,,lead_time,lead_time,250.0,l2_quantile,0.7219990718407482,0.2748751119772737,1.2002520882919017,749.0,741.0,positive means tabpfn better
,,,,,,,lead_time,lead_time,1000.0,lightgbm_tuned,0.4956336077877274,0.18586311114336188,0.8234256734641499,749.0,741.0,positive means tabpfn better
,,,,,,,lead_time,lead_time,1000.0,l2_quantile,0.6260609517252212,0.3422976959318692,0.9319926471583635,749.0,741.0,positive means tabpfn better
,,,,,,,lead_time,lead_time,2500.0,lightgbm_tuned,0.34814487171704306,0.10901668699627252,0.5816802665090872,749.0,741.0,positive means tabpfn better
,,,,,,,lead_time,lead_time,2500.0,l2_quantile,0.3780195088576707,0.1629979421477253,0.6197095519180246,749.0,741.0,positive means tabpfn better
,,,,,,,material_master,LotSizingProcedure,250.0,lightgbm_tuned,0.086,0.05823001424535819,0.114,500.0,479.0,positive means tabpfn better
,,,,,,,material_master,LotSizingProcedure,250.0,logistic_regression,0.010964912280701754,0.0021976817042606515,0.020121241605616434,456.0,441.0,positive means tabpfn better
,,,,,,,material_master,LotSizingProcedure,1000.0,lightgbm_tuned,-0.006134969325153374,-0.016597510373443983,0.004106776180698152,489.0,468.0,positive means tabpfn better
,,,,,,,material_master,LotSizingProcedure,1000.0,logistic_regression,0.002145922746781116,-0.004319888175179752,0.008696125793312491,466.0,445.0,positive means tabpfn better
,,,,,,,material_master,LotSizingProcedure,2500.0,lightgbm_tuned,0.005361930294906166,-0.0053475935828877,0.016216216216216217,373.0,352.0,positive means tabpfn better
,,,,,,,material_master,LotSizingProcedure,2500.0,logistic_regression,0.005714285714285714,-0.00568222286972287,0.017341040462427744,350.0,329.0,positive means tabpfn better
,,,,,,,material_master,PurchasingGroup,250.0,lightgbm_tuned,0.13,0.09561752988047809,0.1646592321667623,500.0,479.0,positive means tabpfn better
,,,,,,,material_master,PurchasingGroup,250.0,logistic_regression,-0.007712082262210797,-0.025975716991341994,0.010282776349614395,389.0,384.0,positive means tabpfn better
,,,,,,,material_master,PurchasingGroup,1000.0,lightgbm_tuned,0.014314928425357873,-0.012320962303850738,0.040985710438617144,489.0,468.0,positive means tabpfn better
,,,,,,,material_master,PurchasingGroup,1000.0,logistic_regression,-0.013227513227513227,-0.0425531914893617,0.016,378.0,373.0,positive means tabpfn better
,,,,,,,material_master,PurchasingGroup,2500.0,lightgbm_tuned,0.0160857908847185,0.00265234446268929,0.03226023824015302,373.0,352.0,positive means tabpfn better
,,,,,,,material_master,PurchasingGroup,2500.0,logistic_regression,0.02142857142857143,0.0035587188612099642,0.042556977360490626,280.0,271.0,positive means tabpfn better
,,,,,,,material_master,ValuationClass,250.0,lightgbm_tuned,0.196,0.16109853648248038,0.23246963314383867,500.0,479.0,positive means tabpfn better
,,,,,,,material_master,ValuationClass,250.0,logistic_regression,0.04417670682730924,0.026052104208416832,0.06400642570281122,498.0,477.0,positive means tabpfn better
,,,,,,,material_master,ValuationClass,1000.0,lightgbm_tuned,0.03885480572597137,0.022494887525562373,0.05737704918032787,489.0,468.0,positive means tabpfn better
,,,,,,,material_master,ValuationClass,1000.0,logistic_regression,0.024539877300613498,0.010416125259875259,0.0389344262295082,489.0,468.0,positive means tabpfn better
,,,,,,,material_master,ValuationClass,2500.0,lightgbm_tuned,0.0160857908847185,0.0,0.0326975476839237,373.0,352.0,positive means tabpfn better
,,,,,,,material_master,ValuationClass,2500.0,logistic_regression,0.010723860589812333,-6.476683937823467e-05,0.024390243902439025,373.0,352.0,positive means tabpfn better
,,,,,,,material_master,ProfitCenter,250.0,lightgbm_tuned,0.35,0.3042575177736825,0.39802865652418895,500.0,479.0,positive means tabpfn better
,,,,,,,material_master,ProfitCenter,250.0,logistic_regression,0.028,-0.0019652224179481067,0.05600562248995981,500.0,479.0,positive means tabpfn better
,,,,,,,material_master,ProfitCenter,1000.0,lightgbm_tuned,0.06952965235173825,0.04517222371831555,0.09730848861283643,489.0,468.0,positive means tabpfn better
,,,,,,,material_master,ProfitCenter,1000.0,logistic_regression,0.006134969325153374,-0.010438165438165435,0.02429520848965589,489.0,468.0,positive means tabpfn better
,,,,,,,material_master,ProfitCenter,2500.0,lightgbm_tuned,0.010723860589812333,-0.013021683257180157,0.03753351206434316,373.0,352.0,positive means tabpfn better
,,,,,,,material_master,ProfitCenter,2500.0,logistic_regression,-0.002680965147453083,-0.02156479930064836,0.016483516483516484,373.0,352.0,positive means tabpfn better
