cutoff,model,metric,value,crossings,seconds,cu,ci_low,ci_high
2025-09-04,tabpfn,within_3_days,0.349,0.0,138.0,3.5,,
2025-09-04,tabpfn,range_coverage,0.625,,,,,
2025-09-04,tabpfn,mae,8.382959156930447,,,,,
2025-09-04,lightgbm_tuned,within_3_days,0.3195,8.0,138.0,3.5,,
2025-09-04,lightgbm_tuned,range_coverage,0.618,,,,,
2025-09-04,lightgbm_tuned,mae,8.766139623164277,,,,,
2025-09-04,lightgbm_default,within_3_days,0.316,19.0,138.0,3.5,,
2025-09-04,lightgbm_default,range_coverage,0.624,,,,,
2025-09-04,lightgbm_default,mae,8.842503687370224,,,,,
2025-09-04,tabpfn_minus_tuned,within_3_days,0.0295,,,,0.012516908762845612,0.04693795749162322
2025-09-04,tabpfn_minus_tuned,range_coverage,0.007,,,,-0.007507884012397553,0.021945959277630097
2025-09-04,tabpfn_minus_tuned,mae,0.38318046623382945,,,,0.12052809964805578,0.6591984076113732
2025-07-10,tabpfn,within_3_days,0.4295,0.0,150.5,3.5,,
2025-07-10,tabpfn,range_coverage,0.781,,,,,
2025-07-10,tabpfn,mae,8.732735990583897,,,,,
2025-07-10,lightgbm_tuned,within_3_days,0.378,7.0,150.5,3.5,,
2025-07-10,lightgbm_tuned,range_coverage,0.7585,,,,,
2025-07-10,lightgbm_tuned,mae,9.219287577340143,,,,,
2025-07-10,lightgbm_default,within_3_days,0.39,16.0,150.5,3.5,,
2025-07-10,lightgbm_default,range_coverage,0.7645,,,,,
2025-07-10,lightgbm_default,mae,9.198908304202986,,,,,
2025-07-10,tabpfn_minus_tuned,within_3_days,0.0515,,,,0.03258145363408521,0.07021698528869964
2025-07-10,tabpfn_minus_tuned,range_coverage,0.0225,,,,0.00800790785783282,0.03733480168000859
2025-07-10,tabpfn_minus_tuned,mae,0.4865515867562465,,,,0.20885359543563162,0.7626738475288003
2025-05-15,tabpfn,within_3_days,0.328,0.0,148.3,3.5,,
2025-05-15,tabpfn,range_coverage,0.7535,,,,,
2025-05-15,tabpfn,mae,10.66619711792469,,,,,
2025-05-15,lightgbm_tuned,within_3_days,0.322,32.0,148.3,3.5,,
2025-05-15,lightgbm_tuned,range_coverage,0.7715,,,,,
2025-05-15,lightgbm_tuned,mae,11.259806236933887,,,,,
2025-05-15,lightgbm_default,within_3_days,0.322,17.0,148.3,3.5,,
2025-05-15,lightgbm_default,range_coverage,0.789,,,,,
2025-05-15,lightgbm_default,mae,11.334043732197388,,,,,
2025-05-15,tabpfn_minus_tuned,within_3_days,0.006,,,,-0.012,0.024599321115533018
2025-05-15,tabpfn_minus_tuned,range_coverage,-0.018,,,,-0.03503591266617319,-0.0015097379576994314
2025-05-15,tabpfn_minus_tuned,mae,0.593609119009197,,,,0.2667907917027618,0.9294653733496895
